Id,Class
33,"1 Cent,Australian dollar,australia"
34,"1 4 Dollar,US Dollar,usa"
35,"1 Cent,Australian dollar,australia"
36,"1 Cent,Australian dollar,australia"
69,"1 Dollar,Australian dollar,australia"
70,"2 Cents,Australian dollar,australia"
71,"2 Euro,Euro,cyprus"
72,"2 Cents,Australian dollar,australia"
103,"5 Cents,Australian dollar,australia"
104,"5 Cents,Australian dollar,australia"
105,"5 Cents,Australian dollar,australia"
106,"10 Cents,New Zealand dollar,new_zealand"
137,"10 Cents,Australian dollar,australia"
138,"10 Cents,Australian dollar,australia"
139,"10 Cents,Australian dollar,australia"
140,"10 Cents,Australian dollar,australia"
168,"20 Cents,Australian dollar,australia"
169,"50 Ore,Swedish Krona,sweden"
170,"5 Cents,Canadian Dollar,canada"
199,"50 Cents,Australian dollar,australia"
200,"50 Cents,Australian dollar,australia"
201,"50 Cents,Australian dollar,australia"
202,"50 Cents,Australian dollar,australia"
235,"1 Ruble,Russian Ruble,russia"
236,"1 Dollar,Australian dollar,australia"
237,"1 Dollar,Australian dollar,australia"
238,"20 Cents,Euro,austria"
271,"2 Dollars,Australian dollar,australia"
272,"1 Cent,Canadian Dollar,canada"
273,"5 Groszy,Polish Zloty,poland"
274,"2 Dollars,Australian dollar,australia"
307,"1 Centavo,Brazilian Real,brazil"
308,"10 Centavos,Brazilian Real,brazil"
309,"5 Rand,South African Rand,south_africa"
310,"2 Euro,Euro,finland"
343,"5 Centavos,Brazilian Real,brazil"
344,"50 Cents,Euro,malta"
345,"5 Centavos,Brazilian Real,brazil"
346,"5 Centavos,Brazilian Real,brazil"
379,"10 Centavos,Brazilian Real,brazil"
380,"10 Centavos,Brazilian Real,brazil"
381,"10 Centavos,Brazilian Real,brazil"
382,"10 Centavos,Brazilian Real,brazil"
415,"25 Centavos,Brazilian Real,brazil"
416,"2 Cents,Euro,malta"
417,"25 Centavos,Brazilian Real,brazil"
418,"25 Centavos,Brazilian Real,brazil"
451,"1 Real,Brazilian Real,brazil"
452,"1 Real,Brazilian Real,brazil"
453,"1 Real,Brazilian Real,brazil"
454,"1 Real,Brazilian Real,brazil"
487,"2 Pence,British Pound,united_kingdom"
488,"1 Penny,British Pound,united_kingdom"
489,"1 Penny,British Pound,united_kingdom"
490,"1 Penny,British Pound,united_kingdom"
523,"2 Pence,British Pound,united_kingdom"
524,"2 Pence,British Pound,united_kingdom"
525,"2 Pence,British Pound,united_kingdom"
526,"2 Pence,British Pound,united_kingdom"
558,"5 Pence,British Pound,united_kingdom"
559,"50 Pence,British Pound,united_kingdom"
560,"1 Piso,Philipine peso,philippines"
561,"5 Pence,British Pound,united_kingdom"
594,"10 Pence,British Pound,united_kingdom"
595,"10 Pence,British Pound,united_kingdom"
596,"1 Zloty,Polish Zloty,poland"
597,"1 Pound,British Pound,united_kingdom"
652,"20 Pence,British Pound,united_kingdom"
653,"20 Pence,British Pound,united_kingdom"
654,"20 Pence,British Pound,united_kingdom"
655,"20 Pence,British Pound,united_kingdom"
656,"20 Pence,British Pound,united_kingdom"
657,"20 Pence,British Pound,united_kingdom"
712,"50 Pence,British Pound,united_kingdom"
713,"50 Pence,British Pound,united_kingdom"
714,"50 Pence,British Pound,united_kingdom"
715,"50 Pence,British Pound,united_kingdom"
716,"50 Pence,British Pound,united_kingdom"
717,"50 Pence,British Pound,united_kingdom"
772,"1 Pound,British Pound,united_kingdom"
773,"1 Pound,British Pound,united_kingdom"
774,"1 Pound,British Pound,united_kingdom"
775,"1 Pound,British Pound,united_kingdom"
776,"20 Cents,Euro,finland"
777,"1 Pound,British Pound,united_kingdom"
832,"2 Pounds,British Pound,united_kingdom"
833,"2 Pounds,British Pound,united_kingdom"
834,"2 Pounds,British Pound,united_kingdom"
835,"2 Pounds,British Pound,united_kingdom"
836,"2 Pounds,British Pound,united_kingdom"
837,"1 Euro,Euro,estonia"
892,"1 Cent,Canadian Dollar,canada"
893,"1 Cent,Canadian Dollar,canada"
894,"1 Cent,Canadian Dollar,canada"
895,"1 Cent,Canadian Dollar,canada"
896,"50 Cents,Euro,italy"
897,"1 Cent,Canadian Dollar,canada"
952,"5 Cents,Canadian Dollar,canada"
953,"5 Cents,Canadian Dollar,canada"
954,"10 Cents,Canadian Dollar,canada"
955,"5 Cents,Canadian Dollar,canada"
956,"5 Cents,Canadian Dollar,canada"
957,"5 Cents,Canadian Dollar,canada"
1012,"10 Cents,Canadian Dollar,canada"
1013,"10 Cents,Canadian Dollar,canada"
1014,"10 Cents,Canadian Dollar,canada"
1015,"10 Cents,Canadian Dollar,canada"
1016,"10 Cents,Canadian Dollar,canada"
1017,"10 Forint,Hungarian Forint,hungary"
1072,"25 Cents,Canadian Dollar,canada"
1073,"25 Cents,Canadian Dollar,canada"
1074,"25 Cents,Canadian Dollar,canada"
1075,"5 Cents,Canadian Dollar,canada"
1076,"5 Cents,Canadian Dollar,canada"
1077,"25 Cents,Canadian Dollar,canada"
1132,"25 Cents,Canadian Dollar,canada"
1133,"50 Cents,Canadian Dollar,canada"
1134,"50 Cents,Canadian Dollar,canada"
1135,"50 Cents,Canadian Dollar,canada"
1136,"500 Won,Korean Won,south_korea"
1137,"50 Cents,Canadian Dollar,canada"
1192,"1 Dollar,Canadian Dollar,canada"
1193,"1 Dollar,Canadian Dollar,canada"
1194,"1 Cent,Canadian Dollar,canada"
1195,"1 Cent,Canadian Dollar,canada"
1196,"1 Dollar,Canadian Dollar,canada"
1197,"1 Cent,Canadian Dollar,canada"
1252,"2 Dollars,Canadian Dollar,canada"
1253,"2 Dollars,Canadian Dollar,canada"
1254,"2 Dollars,Canadian Dollar,canada"
1255,"2 Dollars,Canadian Dollar,canada"
1256,"2 Dollars,Canadian Dollar,canada"
1257,"2 Dollars,Canadian Dollar,canada"
1312,"1 Zloty,Polish Zloty,poland"
1313,"10 Ore,Swedish Krona,sweden"
1314,"1 Peso,Chilean Peso,chile"
1315,"50 Rupiah,Indonesian Rupiah,indonesia"
1316,"1 Zloty,Polish Zloty,poland"
1317,"1 Peso,Chilean Peso,chile"
1372,"5 Pesos,Chilean Peso,chile"
1373,"5 Pesos,Chilean Peso,chile"
1374,"5 Pesos,Chilean Peso,chile"
1375,"5 Senti,Estonian kroon,Estonia"
1376,"5 Pesos,Chilean Peso,chile"
1377,"5 Pesos,Chilean Peso,chile"
1432,"5 Pesos,Chilean Peso,chile"
1433,"10 Pesos,Chilean Peso,chile"
1434,"20 Cents,Euro,cyprus"
1435,"5 Pesos,Chilean Peso,chile"
1436,"10 Pesos,Chilean Peso,chile"
1437,"5 Pesos,Chilean Peso,chile"
1492,"1 Peso,Chilean Peso,chile"
1493,"5 Senti,Estonian kroon,Estonia"
1494,"50 Pesos,Chilean Peso,chile"
1495,"50 Pesos,Chilean Peso,chile"
1496,"50 Pesos,Chilean Peso,chile"
1497,"50 Pesos,Chilean Peso,chile"
1552,"100 Pesos,Chilean Peso,chile"
1553,"100 Pesos,Chilean Peso,chile"
1554,"100 Pesos,Chilean Peso,chile"
1555,"100 Pesos,Chilean Peso,chile"
1556,"100 Pesos,Chilean Peso,chile"
1557,"100 Pesos,Chilean Peso,chile"
1611,"500 Pesos,Chilean Peso,chile"
1612,"500 Pesos,Chilean Peso,chile"
1613,"500 Pesos,Chilean Peso,chile"
1614,"1 Satang,Thai Baht,thailand"
1615,"500 Pesos,Chilean Peso,chile"
1616,"500 Pesos,Chilean Peso,chile"
1671,"1 Jiao,Chinese Yuan Renminbi,china"
1672,"1 Jiao,Chinese Yuan Renminbi,china"
1673,"1 Jiao,Chinese Yuan Renminbi,china"
1674,"1 Jiao,Chinese Yuan Renminbi,china"
1675,"1 Jiao,Chinese Yuan Renminbi,china"
1676,"1 Jiao,Chinese Yuan Renminbi,china"
1731,"1 Dime,US Dollar,usa"
1732,"5 Jiao,Chinese Yuan Renminbi,china"
1733,"5 Jiao,Chinese Yuan Renminbi,china"
1734,"1 Rappen,Swiss Franc,switzerland"
1735,"5 Jiao,Chinese Yuan Renminbi,china"
1736,"5 Jiao,Chinese Yuan Renminbi,china"
1791,"1 Sentimo,Philipine peso,philippines"
1792,"1 Yuan,Chinese Yuan Renminbi,china"
1793,"1 Yuan,Chinese Yuan Renminbi,china"
1794,"1 Sentimo,Philipine peso,philippines"
1795,"1 Yuan,Chinese Yuan Renminbi,china"
1796,"1 Yuan,Chinese Yuan Renminbi,china"
1851,"10 Hellers,Czech Koruna,czech_republic"
1852,"10 Hellers,Czech Koruna,czech_republic"
1853,"10 Hellers,Czech Koruna,czech_republic"
1854,"10 Hellers,Czech Koruna,czech_republic"
1855,"10 Hellers,Czech Koruna,czech_republic"
1856,"10 Hellers,Czech Koruna,czech_republic"
1911,"20 Hellers,Czech Koruna,czech_republic"
1912,"20 Hellers,Czech Koruna,czech_republic"
1913,"2 Koruny,Czech Koruna,czech_republic"
1914,"20 Hellers,Czech Koruna,czech_republic"
1915,"20 Hellers,Czech Koruna,czech_republic"
1916,"20 Hellers,Czech Koruna,czech_republic"
1971,"50 Hellers,Czech Koruna,czech_republic"
1972,"50 Hellers,Czech Koruna,czech_republic"
1973,"5 Kronor,Swedish Krona,sweden"
1974,"50 Hellers,Czech Koruna,czech_republic"
1975,"50 Hellers,Czech Koruna,czech_republic"
1976,"50 Hellers,Czech Koruna,czech_republic"
2031,"1 Koruna,Czech Koruna,czech_republic"
2032,"1 Koruna,Czech Koruna,czech_republic"
2033,"1 Koruna,Czech Koruna,czech_republic"
2034,"1 Koruna,Czech Koruna,czech_republic"
2035,"1 Koruna,Czech Koruna,czech_republic"
2036,"1 Koruna,Czech Koruna,czech_republic"
2091,"2 Koruny,Czech Koruna,czech_republic"
2092,"2 Koruny,Czech Koruna,czech_republic"
2093,"2 Koruny,Czech Koruna,czech_republic"
2094,"2 Koruny,Czech Koruna,czech_republic"
2095,"2 Koruny,Czech Koruna,czech_republic"
2096,"2 Koruny,Czech Koruna,czech_republic"
2151,"5 Korun,Czech Koruna,czech_republic"
2152,"5 Korun,Czech Koruna,czech_republic"
2153,"5 Korun,Czech Koruna,czech_republic"
2154,"5 Korun,Czech Koruna,czech_republic"
2155,"5 Korun,Czech Koruna,czech_republic"
2156,"5 Korun,Czech Koruna,czech_republic"
2211,"10 Korun,Czech Koruna,czech_republic"
2212,"10 Korun,Czech Koruna,czech_republic"
2213,"50 Cents,Euro,greece"
2214,"10 Korun,Czech Koruna,czech_republic"
2215,"10 Korun,Czech Koruna,czech_republic"
2216,"10 Korun,Czech Koruna,czech_republic"
2249,"50 Hellers,Czech Koruna,czech_republic"
2250,"20 Korun,Czech Koruna,czech_republic"
2251,"20 Korun,Czech Koruna,czech_republic"
2252,"20 Korun,Czech Koruna,czech_republic"
2285,"20 Cents,Euro,finland"
2286,"50 Korun,Czech Koruna,czech_republic"
2287,"50 Korun,Czech Koruna,czech_republic"
2288,"50 Korun,Czech Koruna,czech_republic"
2320,"1 Cent,US Dollar,usa"
2321,"25 Ore,Danish Krone,denmark"
2322,"50 Ore,Danish Krone,denmark"
2323,"50 Ore,Danish Krone,denmark"
2356,"10 Cents,South African Rand,south_africa"
2357,"50 Ore,Danish Krone,denmark"
2358,"50 Ore,Danish Krone,denmark"
2359,"50 Ore,Danish Krone,denmark"
2392,"1 Krone,Danish Krone,denmark"
2393,"1 Krone,Danish Krone,denmark"
2394,"2 Kroner,Danish Krone,denmark"
2395,"2 Kroner,Danish Krone,denmark"
2428,"2 Kroner,Danish Krone,denmark"
2429,"2 Kroner,Danish Krone,denmark"
2430,"2 Kroner,Danish Krone,denmark"
2431,"2 Kroner,Danish Krone,denmark"
2464,"50 Yen,Japanese Yen,japan"
2465,"2 Kroner,Danish Krone,denmark"
2466,"10 Dollars,taiwan Dollar,taiwan"
2467,"2 Kroner,Danish Krone,denmark"
2500,"5 Senti,Estonian kroon,Estonia"
2501,"10 Kroner,Danish Krone,denmark"
2502,"10 Kroner,Danish Krone,denmark"
2503,"10 Kroner,Danish Krone,denmark"
2536,"20 Kroner,Danish Krone,denmark"
2537,"20 Kroner,Danish Krone,denmark"
2538,"20 Kroner,Danish Krone,denmark"
2539,"10 Kronor,Swedish Krona,sweden"
2572,"2 Cents,Euro,spain"
2573,"1 euro Cent,Euro,spain"
2574,"2 Cents,Euro,spain"
2575,"2 Cents,Euro,spain"
2608,"2 Euro,Euro,spain"
2609,"50 Cents,Euro,spain"
2610,"1 euro Cent,Euro,spain"
2611,"2 Cents,Euro,spain"
2644,"5 euro Cent,Euro,spain"
2645,"5 euro Cent,Euro,spain"
2646,"5 euro Cent,Euro,spain"
2647,"2 Cents,Euro,spain"
2680,"20 euro Cent,Euro,spain"
2681,"50 euro Cent,Euro,spain"
2682,"50 euro Cent,Euro,spain"
2683,"10 euro Cent,Euro,spain"
2716,"20 euro Cent,Euro,spain"
2717,"20 euro Cent,Euro,spain"
2718,"20 euro Cent,Euro,spain"
2719,"20 euro Cent,Euro,spain"
2752,"50 euro Cent,Euro,spain"
2753,"50 euro Cent,Euro,spain"
2754,"50 Cents,Euro,spain"
2755,"50 euro Cent,Euro,spain"
2810,"1 euro Cent,Euro,spain"
2811,"2 Cents,Euro,spain"
2812,"1 euro Cent,Euro,spain"
2813,"5 euro Cent,Euro,spain"
2814,"1 Real,Brazilian Real,brazil"
2815,"1 Euro,Euro,spain"
2816,"1 Euro,Euro,austria"
2872,"50 Dram,Armenian dram,Armenia"
2873,"2 Dollars,Hong Kong dollar,hong_kong"
2874,"10 Dollars,taiwan Dollar,taiwan"
2875,"5 euro Cent,Euro,spain"
2876,"2 Euro,Euro,spain"
2877,"2 Cents,Euro,spain"
2878,"2 Euro,Euro,slovakia"
2911,"50 Won,Korean Won,south_korea"
2912,"2 Dollars,Hong Kong dollar,hong_kong"
2913,"2 Cents,Euro,luxembourg"
2914,"10 Cents,Hong Kong dollar,hong_kong"
2947,"50 Cents,Hong Kong dollar,hong_kong"
2948,"50 Cents,Hong Kong dollar,hong_kong"
2949,"50 Cents,Hong Kong dollar,hong_kong"
2950,"50 Cents,Hong Kong dollar,hong_kong"
2983,"1 Dollar,Hong Kong dollar,hong_kong"
2984,"1 Dollar,Hong Kong dollar,hong_kong"
2985,"1 Dollar,Hong Kong dollar,hong_kong"
2986,"1 Dollar,Hong Kong dollar,hong_kong"
3017,"2 Dollars,Hong Kong dollar,hong_kong"
3018,"5 Dollars,Hong Kong dollar,hong_kong"
3019,"2 Dollars,Hong Kong dollar,hong_kong"
3020,"1 Zloty,Polish Zloty,poland"
3053,"5 Dollars,Hong Kong dollar,hong_kong"
3054,"5 Dollars,Hong Kong dollar,hong_kong"
3055,"5 Dollars,Hong Kong dollar,hong_kong"
3056,"5 Dollars,Hong Kong dollar,hong_kong"
3089,"1 Forint,Hungarian Forint,hungary"
3090,"1 Forint,Hungarian Forint,hungary"
3091,"1 Forint,Hungarian Forint,hungary"
3092,"1 Forint,Hungarian Forint,hungary"
3125,"2 Forint,Hungarian Forint,hungary"
3126,"10 Forint,Hungarian Forint,hungary"
3127,"25 Cents,Canadian Dollar,canada"
3128,"2 Forint,Hungarian Forint,hungary"
3161,"10 Kroner,Norwegian Krone,norway"
3162,"1 Kroon,Estonian kroon,Estonia"
3163,"5 Forint,Hungarian Forint,hungary"
3164,"20 Cents,Euro,germany"
3197,"10 Forint,Hungarian Forint,hungary"
3198,"10 Forint,Hungarian Forint,hungary"
3199,"10 Forint,Hungarian Forint,hungary"
3200,"10 Forint,Hungarian Forint,hungary"
3233,"50 Cents,Euro,netherlands"
3234,"20 Forint,Hungarian Forint,hungary"
3235,"20 Forint,Hungarian Forint,hungary"
3236,"20 Forint,Hungarian Forint,hungary"
3269,"50 Forint,Hungarian Forint,hungary"
3270,"50 Forint,Hungarian Forint,hungary"
3271,"50 Forint,Hungarian Forint,hungary"
3272,"20 Forint,Hungarian Forint,hungary"
3305,"10 New Sheqalim,Israeli New Shekel,israel"
3306,"1 2 Franc,Swiss Franc,switzerland"
3307,"5 Dollars,taiwan Dollar,taiwan"
3308,"5 Rand,South African Rand,south_africa"
3341,"5 Baht,Thai Baht,thailand"
3342,"1 Euro,Euro,germany"
3343,"200 Forint,Hungarian Forint,hungary"
3344,"200 Forint,Hungarian Forint,hungary"
3377,"25 Paise,Indian Rupee,india"
3378,"10 Ore,Swedish Krona,sweden"
3379,"25 Paise,Indian Rupee,india"
3380,"25 Paise,Indian Rupee,india"
3413,"2 Francs,Swiss Franc,switzerland"
3414,"2 Francs,Swiss Franc,switzerland"
3415,"25 Paise,Indian Rupee,india"
3416,"50 Paise,Indian Rupee,india"
3449,"1 Rupee,Indian Rupee,india"
3450,"2 Koruny,Czech Koruna,czech_republic"
3451,"1 Rappen,Swiss Franc,switzerland"
3452,"1 Rupee,Indian Rupee,india"
3485,"2 Rupees,Indian Rupee,india"
3486,"2 Rupees,Indian Rupee,india"
3487,"2 Rupees,Indian Rupee,india"
3488,"2 Rupees,Indian Rupee,india"
3521,"5 Rupees,Indian Rupee,india"
3522,"5 Rupees,Indian Rupee,india"
3523,"5 Rupees,Indian Rupee,india"
3524,"5 Rupees,Indian Rupee,india"
3557,"10 Rupees,Indian Rupee,india"
3558,"10 Rupees,Indian Rupee,india"
3559,"10 Rupees,Indian Rupee,india"
3560,"10 Rupees,Indian Rupee,india"
3593,"2 Cents,Euro,latvia"
3594,"50 Rupiah,Indonesian Rupiah,indonesia"
3595,"50 Rupiah,Indonesian Rupiah,indonesia"
3596,"50 Rupiah,Indonesian Rupiah,indonesia"
3629,"50 Rupiah,Indonesian Rupiah,indonesia"
3630,"100 Rupiah,Indonesian Rupiah,indonesia"
3631,"100 Rupiah,Indonesian Rupiah,indonesia"
3632,"100 Rupiah,Indonesian Rupiah,indonesia"
3665,"5 Korun,Czech Koruna,czech_republic"
3666,"200 Rupiah,Indonesian Rupiah,indonesia"
3667,"200 Rupiah,Indonesian Rupiah,indonesia"
3668,"200 Rupiah,Indonesian Rupiah,indonesia"
3701,"500 Rupiah,Indonesian Rupiah,indonesia"
3702,"500 Rupiah,Indonesian Rupiah,indonesia"
3703,"100 Rupiah,Indonesian Rupiah,indonesia"
3704,"500 Rupiah,Indonesian Rupiah,indonesia"
3737,"10 Baht,Thai Baht,thailand"
3738,"1000 Rupiah,Indonesian Rupiah,indonesia"
3739,"10 New Sheqalim,Israeli New Shekel,israel"
3740,"50 Hellers,Czech Koruna,czech_republic"
3773,"5 Senti,Estonian kroon,Estonia"
3774,"1 Cent,Canadian Dollar,canada"
3775,"5 Agorot,Israeli New Shekel,israel"
3776,"5 Agorot,Israeli New Shekel,israel"
3809,"10 Agorot,Israeli New Shekel,israel"
3810,"5 Sentimos,Philipine peso,philippines"
3811,"10 Agorot,Israeli New Shekel,israel"
3812,"10 Agorot,Israeli New Shekel,israel"
3845,"1 Krona,Swedish Krona,sweden"
3846,"1 2 New Sheqel,Israeli New Shekel,israel"
3847,"1 2 New Sheqel,Israeli New Shekel,israel"
3848,"1 2 New Sheqel,Israeli New Shekel,israel"
3867,"5 Kronor,Swedish Krona,sweden"
3868,"1 New Sheqel,Israeli New Shekel,israel"
3869,"1 New Sheqel,Israeli New Shekel,israel"
3896,"2 New Sheqalim,Israeli New Shekel,israel"
3897,"10 Ore,Swedish Krona,sweden"
3898,"2 New Sheqalim,Israeli New Shekel,israel"
3931,"5 New Sheqalim,Israeli New Shekel,israel"
3932,"5 New Sheqalim,Israeli New Shekel,israel"
3933,"5 New Sheqalim,Israeli New Shekel,israel"
3934,"10 Ore,Swedish Krona,sweden"
3967,"10 Baht,Thai Baht,thailand"
3968,"10 New Sheqalim,Israeli New Shekel,israel"
3969,"10 New Sheqalim,Israeli New Shekel,israel"
3970,"10 New Sheqalim,Israeli New Shekel,israel"
4001,"10 Rupees,Indian Rupee,india"
4002,"5 Rupees,Pakistan Rupee,pakistan"
4003,"1 Yen,Japanese Yen,japan"
4004,"1 Yen,Japanese Yen,japan"
4035,"5 Yen,Japanese Yen,japan"
4036,"5 Yen,Japanese Yen,japan"
4037,"5 Yen,Japanese Yen,japan"
4038,"5 Yen,Japanese Yen,japan"
4071,"10 Yen,Japanese Yen,japan"
4072,"10 Yen,Japanese Yen,japan"
4073,"10 Yen,Japanese Yen,japan"
4074,"5 Senti,Estonian kroon,Estonia"
4107,"50 Yen,Japanese Yen,japan"
4108,"50 Yen,Japanese Yen,japan"
4109,"50 Yen,Japanese Yen,japan"
4110,"50 Yen,Japanese Yen,japan"
4143,"100 Yen,Japanese Yen,japan"
4144,"100 Yen,Japanese Yen,japan"
4145,"100 Yen,Japanese Yen,japan"
4146,"100 Yen,Japanese Yen,japan"
4174,"500 Yen,Japanese Yen,japan"
4175,"1 Real,Brazilian Real,brazil"
4176,"1 Koruna,Czech Koruna,czech_republic"
4209,"1 Won,Korean Won,south_korea"
4210,"1 Won,Korean Won,south_korea"
4211,"20 Cents,Singapore Dollar,singapore"
4212,"1 Won,Korean Won,south_korea"
4243,"5 Dollars,taiwan Dollar,taiwan"
4244,"5 Won,Korean Won,south_korea"
4245,"5 Won,Korean Won,south_korea"
4246,"5 Won,Korean Won,south_korea"
4279,"10 Won,Korean Won,south_korea"
4280,"10 Won,Korean Won,south_korea"
4281,"10 Won,Korean Won,south_korea"
4282,"10 Won,Korean Won,south_korea"
4315,"50 Won,Korean Won,south_korea"
4316,"2 Euro,Euro,germany"
4317,"50 Won,Korean Won,south_korea"
4318,"50 Won,Korean Won,south_korea"
4351,"500 Won,Korean Won,south_korea"
4352,"100 Won,Korean Won,south_korea"
4353,"2 Cents,Euro,latvia"
4354,"100 Won,Korean Won,south_korea"
4387,"500 Won,Korean Won,south_korea"
4388,"500 Won,Korean Won,south_korea"
4389,"500 Won,Korean Won,south_korea"
4390,"1 4 Dollar,US Dollar,usa"
4423,"1 Sen,Malaysian Ringgit,malaysia"
4424,"1 Sen,Malaysian Ringgit,malaysia"
4425,"1 Sen,Malaysian Ringgit,malaysia"
4426,"1 Sen,Malaysian Ringgit,malaysia"
4459,"5 Dollars,Hong Kong dollar,hong_kong"
4460,"10 Sen,Malaysian Ringgit,malaysia"
4461,"10 Ore,Swedish Krona,sweden"
4462,"10 Sen,Malaysian Ringgit,malaysia"
4495,"10 Sen,Malaysian Ringgit,malaysia"
4496,"10 Paise, Pakistan Rupee, Pakistan"
4497,"10 Sen,Malaysian Ringgit,malaysia"
4498,"10 Sen,Malaysian Ringgit,malaysia"
4531,"1 Sen,Malaysian Ringgit,malaysia"
4532,"10 Sen,Malaysian Ringgit,malaysia"
4533,"10 Ore,Swedish Krona,sweden"
4534,"10 Ore,Swedish Krona,sweden"
4567,"20 euro Cent,Euro,spain"
4568,"2 Rand,South African Rand,south_africa"
4569,"20 Kroner,Norwegian Krone,norway"
4570,"10 Sen,Malaysian Ringgit,malaysia"
4603,"20 Groszy,Polish Zloty,poland"
4604,"50 Cents,Australian dollar,australia"
4605,"5 Centavos,Mexican peso,mexico"
4606,"20 Cents,Euro,portugal"
4639,"200 Forint,Hungarian Forint,hungary"
4640,"2 Paise, Pakistan Rupee, Pakistan"
4641,"10 Centavos,Mexican peso,mexico"
4642,"5 Baht,Thai Baht,thailand"
4675,"5 Paise, Pakistan Rupee, Pakistan"
4676,"20 Centavos,Mexican peso,mexico"
4677,"20 Centavos,Mexican peso,mexico"
4678,"50 Centavos,Mexican peso,mexico"
4711,"50 Korun,Czech Koruna,czech_republic"
4712,"100 Pesos,Chilean Peso,chile"
4713,"50 Centavos,Mexican peso,mexico"
4714,"1 Sen,Malaysian Ringgit,malaysia"
4747,"50 Senti,Estonian kroon,Estonia"
4748,"1 Peso,Mexican peso,mexico"
4749,"1 Peso,Mexican peso,mexico"
4750,"10 Piso,Philipine peso,philippines"
4783,"2 Pesos,Mexican peso,mexico"
4784,"10 Senti,Estonian kroon,Estonia"
4785,"20 Kroner,Danish Krone,denmark"
4786,"2 Pesos,Mexican peso,mexico"
4819,"5 New Sheqalim,Israeli New Shekel,israel"
4820,"5 New Sheqalim,Israeli New Shekel,israel"
4821,"5 Pesos,Mexican peso,mexico"
4822,"5 Pesos,Mexican peso,mexico"
4855,"10 Pesos,Mexican peso,mexico"
4856,"1 Euro,Euro,austria"
4857,"1 Euro,Euro,lithuania"
4858,"10 Pesos,Mexican peso,mexico"
4891,"20 Cents,Euro,slovakia"
4892,"5 Cents,New Zealand dollar,new_zealand"
4893,"10 Cents,New Zealand dollar,new_zealand"
4894,"5 Cents,New Zealand dollar,new_zealand"
4927,"10 Cents,New Zealand dollar,new_zealand"
4928,"10 Cents,New Zealand dollar,new_zealand"
4929,"10 Cents,New Zealand dollar,new_zealand"
4930,"20 Cents,Euro,slovakia"
4963,"20 Cents,New Zealand dollar,new_zealand"
4964,"20 Cents,New Zealand dollar,new_zealand"
4965,"20 Cents,New Zealand dollar,new_zealand"
4966,"5 Francs,Swiss Franc,switzerland"
4999,"50 Cents,New Zealand dollar,new_zealand"
5000,"50 Cents,New Zealand dollar,new_zealand"
5001,"50 Cents,New Zealand dollar,new_zealand"
5002,"5 Cents,US Dollar,usa"
5035,"1 Dollar,New Zealand dollar,new_zealand"
5036,"5 Senti,Estonian kroon,Estonia"
5037,"10 Sen,Malaysian Ringgit,malaysia"
5038,"10 Sen,Malaysian Ringgit,malaysia"
5071,"2 Dollars,New Zealand dollar,new_zealand"
5072,"2 Dollars,New Zealand dollar,new_zealand"
5073,"2 Dollars,New Zealand dollar,new_zealand"
5074,"20 Cents,Euro,italy"
5107,"50 Ore,Norwegian Krone,norway"
5108,"50 Ore,Norwegian Krone,norway"
5109,"50 Ore,Norwegian Krone,norway"
5110,"50 Ore,Norwegian Krone,norway"
5143,"5 Francs,Swiss Franc,switzerland"
5144,"5 Centavos,Mexican peso,mexico"
5145,"1 Krone,Norwegian Krone,norway"
5146,"1 Dime,US Dollar,usa"
5179,"5 Kroner,Norwegian Krone,norway"
5180,"50 Ore,Norwegian Krone,norway"
5181,"5 Kroner,Norwegian Krone,norway"
5182,"2 Francs,Swiss Franc,switzerland"
5215,"2 New Sheqalim,Israeli New Shekel,israel"
5216,"5 New Sheqalim,Israeli New Shekel,israel"
5217,"50 Cents,Euro,greece"
5218,"10 Kroner,Norwegian Krone,norway"
5251,"20 Kroner,Norwegian Krone,norway"
5252,"20 Kroner,Norwegian Krone,norway"
5253,"20 Kroner,Norwegian Krone,norway"
5254,"20 Kroner,Norwegian Krone,norway"
5287,"10 Pesos,Chilean Peso,chile"
5288,"1 Rupee,Pakistan Rupee,pakistan"
5289,"1 Zloty,Polish Zloty,poland"
5290,"1 4 Dollar,US Dollar,usa"
5323,"2 Rupees,Pakistan Rupee,pakistan"
5324,"2 Rupees,Pakistan Rupee,pakistan"
5325,"2 Rupees,Pakistan Rupee,pakistan"
5326,"2 Rupees,Pakistan Rupee,pakistan"
5359,"10 Ore,Swedish Krona,sweden"
5360,"5 Rupees,Pakistan Rupee,pakistan"
5361,"5 Rupees,Pakistan Rupee,pakistan"
5362,"5 Rupees,Pakistan Rupee,pakistan"
5395,"10 Ore,Swedish Krona,sweden"
5396,"10 Ore,Swedish Krona,sweden"
5397,"5 Zlotych,Polish Zloty,poland"
5398,"10 Rupees,Pakistan Rupee,pakistan"
5431,"1 Sentimo,Philipine peso,philippines"
5432,"20 Senti,Estonian kroon,Estonia"
5433,"1 Sentimo,Philipine peso,philippines"
5434,"5 Zlotych,Polish Zloty,poland"
5467,"1 Sen,Malaysian Ringgit,malaysia"
5468,"5 Sentimos,Philipine peso,philippines"
5469,"5 Sentimos,Philipine peso,philippines"
5470,"1 Sen,Malaysian Ringgit,malaysia"
5503,"5 Francs,Swiss Franc,switzerland"
5504,"10 Sentimos,Philipine peso,philippines"
5505,"10 Sentimos,Philipine peso,philippines"
5506,"1 Sentimo,Philipine peso,philippines"
5539,"25 Sentimos,Philipine peso,philippines"
5540,"25 Sentimos,Philipine peso,philippines"
5541,"25 Sentimos,Philipine peso,philippines"
5542,"25 Sentimos,Philipine peso,philippines"
5575,"1 Piso,Philipine peso,philippines"
5576,"1 Piso,Philipine peso,philippines"
5577,"1 Piso,Philipine peso,philippines"
5578,"1 Piso,Philipine peso,philippines"
5611,"5 Piso,Philipine peso,philippines"
5612,"5 Piso,Philipine peso,philippines"
5613,"5 Piso,Philipine peso,philippines"
5614,"10 Cents,South African Rand,south_africa"
5647,"1 Lira,Turkish Lira,turkey"
5648,"10 Piso,Philipine peso,philippines"
5649,"10 Piso,Philipine peso,philippines"
5650,"10 Piso,Philipine peso,philippines"
5683,"1 Zloty,Polish Zloty,poland"
5684,"50 Senti,Estonian kroon,Estonia"
5685,"1 Grosz,Polish Zloty,poland"
5686,"50 Cents,Euro,malta"
5719,"5 Groszy,Polish Zloty,poland"
5720,"1 Ruble,Russian Ruble,russia"
5721,"5 Groszy,Polish Zloty,poland"
5722,"50 Ore,Norwegian Krone,norway"
5755,"1 Piso,Philipine peso,philippines"
5756,"5 Groszy,Polish Zloty,poland"
5757,"1 Cent,Singapore Dollar,singapore"
5758,"20 Kroner,Norwegian Krone,norway"
5791,"1 Zloty,Polish Zloty,poland"
5792,"10 Groszy,Polish Zloty,poland"
5793,"10 Groszy,Polish Zloty,poland"
5794,"1 Zloty,Polish Zloty,poland"
5827,"20 Groszy,Polish Zloty,poland"
5828,"1 Zloty,Polish Zloty,poland"
5829,"1 Zloty,Polish Zloty,poland"
5830,"20 Groszy,Polish Zloty,poland"
5863,"50 Groszy,Polish Zloty,poland"
5864,"50 Groszy,Polish Zloty,poland"
5865,"1 Zloty,Polish Zloty,poland"
5866,"5 Piso,Philipine peso,philippines"
5899,"1 Zloty,Polish Zloty,poland"
5900,"1 Zloty,Polish Zloty,poland"
5901,"1 Zloty,Polish Zloty,poland"
5902,"1 Zloty,Polish Zloty,poland"
5935,"2 Zlote,Polish Zloty,poland"
5936,"10 Pesos,Mexican peso,mexico"
5937,"2 Zlote,Polish Zloty,poland"
5938,"2 Zlote,Polish Zloty,poland"
5971,"50 Korun,Czech Koruna,czech_republic"
5972,"2 Dollars,Canadian Dollar,canada"
5973,"100 Yen,Japanese Yen,japan"
5974,"5 Zlotych,Polish Zloty,poland"
6007,"10 Kopeks,Russian Ruble,russia"
6008,"50 Groszy,Polish Zloty,poland"
6009,"1 Sentimo,Philipine peso,philippines"
6010,"1 Kopek,Russian Ruble,russia"
6043,"5 Jiao,Chinese Yuan Renminbi,china"
6044,"5 Kopeks,Russian Ruble,russia"
6045,"5 Baht,Thai Baht,thailand"
6046,"1 Yen,Japanese Yen,japan"
6079,"10 Kopeks,Russian Ruble,russia"
6080,"5 Pesos,Chilean Peso,chile"
6081,"10 Kopeks,Russian Ruble,russia"
6082,"20 Cents,Euro,slovakia"
6115,"1 Kurus,Turkish Lira,turkey"
6116,"50 Paise, Pakistan Rupee, Pakistan"
6117,"50 Kopeks,Russian Ruble,russia"
6118,"10 Kopeks,Russian Ruble,russia"
6151,"1 Ruble,Russian Ruble,russia"
6152,"1 Ruble,Russian Ruble,russia"
6153,"1 Ruble,Russian Ruble,russia"
6154,"1 Ruble,Russian Ruble,russia"
6187,"100 Forint,Hungarian Forint,hungary"
6188,"1 Ruble,Russian Ruble,russia"
6189,"1 Ruble,Russian Ruble,russia"
6190,"2 Rubles,Russian Ruble,russia"
6223,"1 2 Franc,Swiss Franc,switzerland"
6224,"1 Ruble,Russian Ruble,russia"
6225,"1 Ruble,Russian Ruble,russia"
6226,"200 Rupiah,Indonesian Rupiah,indonesia"
6259,"10 Kopeks,Russian Ruble,russia"
6260,"10 Rubles,Russian Ruble,russia"
6261,"10 Rubles,Russian Ruble,russia"
6262,"1 Real,Brazilian Real,brazil"
6295,"1 Cent,Singapore Dollar,singapore"
6296,"20 Cents,Singapore Dollar,singapore"
6297,"1 Cent,Singapore Dollar,singapore"
6298,"1 Cent,Singapore Dollar,singapore"
6331,"10 Cents,Singapore Dollar,singapore"
6332,"5 Cents,Singapore Dollar,singapore"
6333,"10 Cents,Singapore Dollar,singapore"
6334,"5 Cents,Singapore Dollar,singapore"
6367,"10 Cents,Singapore Dollar,singapore"
6368,"10 Cents,Singapore Dollar,singapore"
6369,"1 Yen,Japanese Yen,japan"
6370,"1 Rappen,Swiss Franc,switzerland"
6403,"20 Cents,Singapore Dollar,singapore"
6404,"2 Koruny,Czech Koruna,czech_republic"
6405,"5 Cents,Canadian Dollar,canada"
6406,"20 Cents,Singapore Dollar,singapore"
6439,"50 Cents,Singapore Dollar,singapore"
6440,"10 Cents,Singapore Dollar,singapore"
6441,"1 Piso,Philipine peso,philippines"
6442,"1 Yen,Japanese Yen,japan"
6475,"1 Dollar,Singapore Dollar,singapore"
6476,"1 Dollar,Singapore Dollar,singapore"
6477,"1 Dollar,Singapore Dollar,singapore"
6478,"50 Cents,Euro,spain"
6493,"1 Paisa, Pakistan Rupee, Pakistan"
6494,"5 Dollars,taiwan Dollar,taiwan"
6527,"10 Kroner,Norwegian Krone,norway"
6528,"1 Sen,Malaysian Ringgit,malaysia"
6529,"5 Cents,South African Rand,south_africa"
6530,"1 Baht,Thai Baht,thailand"
6563,"10 Cents,South African Rand,south_africa"
6564,"10 Cents,South African Rand,south_africa"
6565,"10 Cents,South African Rand,south_africa"
6566,"10 Cents,South African Rand,south_africa"
6599,"10 Yen,Japanese Yen,japan"
6600,"2 Rupees,Pakistan Rupee,pakistan"
6601,"50 Cents,South African Rand,south_africa"
6602,"20 Cents,South African Rand,south_africa"
6635,"50 Cents,South African Rand,south_africa"
6636,"5 Rupees,Indian Rupee,india"
6637,"1 Sen,Malaysian Ringgit,malaysia"
6638,"20 euro Cent,Euro,spain"
6671,"1 Rand,South African Rand,south_africa"
6672,"1 Rand,South African Rand,south_africa"
6673,"1 Rand,South African Rand,south_africa"
6674,"1 Rand,South African Rand,south_africa"
6707,"2 Rand,South African Rand,south_africa"
6708,"1 Zloty,Polish Zloty,poland"
6709,"2 Rand,South African Rand,south_africa"
6710,"2 Rand,South African Rand,south_africa"
6743,"50 Paise,Indian Rupee,india"
6744,"5 Rand,South African Rand,south_africa"
6745,"2 Euro,Euro,finland"
6746,"5 Rand,South African Rand,south_africa"
6779,"10 Dollars,taiwan Dollar,taiwan"
6780,"10 Satang,Thai Baht,thailand"
6781,"50 Ore,Swedish Krona,sweden"
6782,"1 Ruble,Russian Ruble,russia"
6815,"50 Ore,Swedish Krona,sweden"
6816,"50 Ore,Swedish Krona,sweden"
6817,"50 Senti,Estonian kroon,Estonia"
6818,"50 Ore,Swedish Krona,sweden"
6851,"5 Dollars,taiwan Dollar,taiwan"
6852,"50 Cents,Euro,latvia"
6853,"200 Dram,Armenian dram,Armenia"
6854,"1 Krona,Swedish Krona,sweden"
6887,"2 Kronor,Swedish Krona,sweden"
6888,"2 Kronor,Swedish Krona,sweden"
6889,"5 Korun,Czech Koruna,czech_republic"
6890,"50 Pence,British Pound,united_kingdom"
6923,"5 Kronor,Swedish Krona,sweden"
6924,"5 Kronor,Swedish Krona,sweden"
6925,"5 Kronor,Swedish Krona,sweden"
6926,"5 Kronor,Swedish Krona,sweden"
6959,"10 Kronor,Swedish Krona,sweden"
6960,"10 Kronor,Swedish Krona,sweden"
6961,"10 Kronor,Swedish Krona,sweden"
6962,"10 Kronor,Swedish Krona,sweden"
6995,"1 Rappen,Swiss Franc,switzerland"
6996,"1 Rappen,Swiss Franc,switzerland"
6997,"1 Rappen,Swiss Franc,switzerland"
6998,"1 Rappen,Swiss Franc,switzerland"
7031,"5 Rappen,Swiss Franc,switzerland"
7032,"5 Rappen,Swiss Franc,switzerland"
7033,"5 Rappen,Swiss Franc,switzerland"
7034,"5 Rappen,Swiss Franc,switzerland"
7067,"20 Rappen,Swiss Franc,switzerland"
7068,"20 Rappen,Swiss Franc,switzerland"
7069,"20 Rappen,Swiss Franc,switzerland"
7070,"10 Rappen,Swiss Franc,switzerland"
7103,"20 Rappen,Swiss Franc,switzerland"
7104,"10 Rappen,Swiss Franc,switzerland"
7105,"20 Rappen,Swiss Franc,switzerland"
7106,"20 Rappen,Swiss Franc,switzerland"
7139,"2 Francs,Swiss Franc,switzerland"
7140,"1 2 Franc,Swiss Franc,switzerland"
7141,"1 Paisa, Pakistan Rupee, Pakistan"
7142,"20 Rappen,Swiss Franc,switzerland"
7162,"1 2 Franc,Swiss Franc,switzerland"
7163,"1 2 Franc,Swiss Franc,switzerland"
7164,"2 Francs,Swiss Franc,switzerland"
7197,"1 2 Franc,Swiss Franc,switzerland"
7198,"1 2 Franc,Swiss Franc,switzerland"
7199,"2 Francs,Swiss Franc,switzerland"
7200,"1 2 Franc,Swiss Franc,switzerland"
7233,"5 Francs,Swiss Franc,switzerland"
7234,"5 Francs,Swiss Franc,switzerland"
7235,"5 Francs,Swiss Franc,switzerland"
7236,"5 Francs,Swiss Franc,switzerland"
7265,"5 Dollars,taiwan Dollar,taiwan"
7266,"1 2 Dollar,taiwan Dollar,taiwan"
7267,"1 2 Dollar,taiwan Dollar,taiwan"
7268,"1 2 Dollar,taiwan Dollar,taiwan"
7292,"1 Rappen,Swiss Franc,switzerland"
7293,"1 Dollar,taiwan Dollar,taiwan"
7294,"10 Kronor,Swedish Krona,sweden"
7327,"5 Dollars,taiwan Dollar,taiwan"
7328,"5 Dollars,taiwan Dollar,taiwan"
7329,"5 Dollars,taiwan Dollar,taiwan"
7330,"5 Dollars,taiwan Dollar,taiwan"
7363,"5 Dollars,taiwan Dollar,taiwan"
7364,"10 Dollars,taiwan Dollar,taiwan"
7365,"5 Dollars,taiwan Dollar,taiwan"
7366,"10 Dollars,taiwan Dollar,taiwan"
7394,"20 Dollars,taiwan Dollar,taiwan"
7395,"20 Dollars,taiwan Dollar,taiwan"
7396,"20 Dollars,taiwan Dollar,taiwan"
7427,"50 Dollars,taiwan Dollar,taiwan"
7428,"50 Dollars,taiwan Dollar,taiwan"
7429,"50 Dollars,taiwan Dollar,taiwan"
7430,"50 Dollars,taiwan Dollar,taiwan"
7459,"5 Baht,Thai Baht,thailand"
7460,"1 Satang,Thai Baht,thailand"
7461,"1 Satang,Thai Baht,thailand"
7462,"50 Cents,Euro,malta"
7491,"5 Paise, Pakistan Rupee, Pakistan"
7492,"5 Satang,Thai Baht,thailand"
7493,"5 Satang,Thai Baht,thailand"
7494,"5 Baht,Thai Baht,thailand"
7527,"25 Kurus,Turkish Lira,turkey"
7528,"5 Dollars,taiwan Dollar,taiwan"
7529,"5 Satang,Thai Baht,thailand"
7530,"5 Baht,Thai Baht,thailand"
7563,"50 Centavos,Mexican peso,mexico"
7564,"25 Satang,Thai Baht,thailand"
7565,"50 Satang,Thai Baht,thailand"
7566,"25 Satang,Thai Baht,thailand"
7597,"10 Agorot,Israeli New Shekel,israel"
7598,"50 Satang,Thai Baht,thailand"
7599,"1 Dollar,Canadian Dollar,canada"
7600,"50 Satang,Thai Baht,thailand"
7633,"1 Baht,Thai Baht,thailand"
7634,"1 Baht,Thai Baht,thailand"
7635,"1 Baht,Thai Baht,thailand"
7636,"1 Baht,Thai Baht,thailand"
7669,"25 Satang,Thai Baht,thailand"
7670,"2 Baht,Thai Baht,thailand"
7671,"5 Dollars,taiwan Dollar,taiwan"
7672,"5 Baht,Thai Baht,thailand"
7705,"5 Baht,Thai Baht,thailand"
7706,"5 Baht,Thai Baht,thailand"
7707,"5 Baht,Thai Baht,thailand"
7708,"5 Baht,Thai Baht,thailand"
7741,"10 Baht,Thai Baht,thailand"
7742,"10 New Sheqalim,Israeli New Shekel,israel"
7743,"10 Baht,Thai Baht,thailand"
7744,"10 Baht,Thai Baht,thailand"
7777,"1 Kurus,Turkish Lira,turkey"
7778,"1 Kurus,Turkish Lira,turkey"
7779,"2 Cents,Euro,malta"
7780,"1 Rappen,Swiss Franc,switzerland"
7813,"200 Rupiah,Indonesian Rupiah,indonesia"
7814,"5 Kurus,Turkish Lira,turkey"
7815,"5 Piso,Philipine peso,philippines"
7816,"5 Kurus,Turkish Lira,turkey"
7849,"10 Kurus,Turkish Lira,turkey"
7850,"50 Cents,Australian dollar,australia"
7851,"10 Kurus,Turkish Lira,turkey"
7852,"10 Kurus,Turkish Lira,turkey"
7885,"5 Francs,Swiss Franc,switzerland"
7886,"25 Kurus,Turkish Lira,turkey"
7887,"25 Kurus,Turkish Lira,turkey"
7888,"25 Kurus,Turkish Lira,turkey"
7921,"50 Kurus,Turkish Lira,turkey"
7922,"50 Kurus,Turkish Lira,turkey"
7923,"20 Cents,Euro,luxembourg"
7924,"10 Kurus,Turkish Lira,turkey"
7957,"1 Lira,Turkish Lira,turkey"
7958,"1 Lira,Turkish Lira,turkey"
7959,"1 Lira,Turkish Lira,turkey"
7960,"1 Euro,Euro,latvia"
7993,"1 Cent,US Dollar,usa"
7994,"1 Cent,US Dollar,usa"
7995,"1 2 Dollar,US Dollar,usa"
7996,"1 Cent,US Dollar,usa"
8029,"5 Cents,US Dollar,usa"
8030,"5 Cents,US Dollar,usa"
8031,"5 Cents,US Dollar,usa"
8032,"5 Cents,US Dollar,usa"
8065,"1 Dime,US Dollar,usa"
8066,"1 Dime,US Dollar,usa"
8067,"1 Dime,US Dollar,usa"
8068,"10 Kopeks,Russian Ruble,russia"
8101,"1 4 Dollar,US Dollar,usa"
8102,"1 4 Dollar,US Dollar,usa"
8103,"1 4 Dollar,US Dollar,usa"
8104,"1 4 Dollar,US Dollar,usa"
8129,"1 2 Dollar,US Dollar,usa"
8130,"1 Dollar,US Dollar,usa"
8131,"1 4 Dollar,US Dollar,usa"
8150,"50 Cents,Hong Kong dollar,hong_kong"
8151,"1 Dollar,US Dollar,usa"
8152,"10 Ore,Swedish Krona,sweden"
8243,"100 Dram,Armenian dram,Armenia"
8244,"100 Dram,Armenian dram,Armenia"
8245,"100 Dram,Armenian dram,Armenia"
8246,"100 Dram,Armenian dram,Armenia"
8247,"100 Dram,Armenian dram,Armenia"
8248,"100 Dram,Armenian dram,Armenia"
8249,"100 Dram,Armenian dram,Armenia"
8250,"100 Dram,Armenian dram,Armenia"
8251,"100 Dram,Armenian dram,Armenia"
8252,"100 Dram,Armenian dram,Armenia"
8343,"10 Dram,Armenian dram,Armenia"
8344,"10 Dram,Armenian dram,Armenia"
8345,"10 Dram,Armenian dram,Armenia"
8346,"10 Dram,Armenian dram,Armenia"
8347,"10 Dram,Armenian dram,Armenia"
8348,"10 Dram,Armenian dram,Armenia"
8349,"10 Dram,Armenian dram,Armenia"
8350,"10 Dram,Armenian dram,Armenia"
8351,"10 Dram,Armenian dram,Armenia"
8352,"10 Dram,Armenian dram,Armenia"
8443,"200 Dram,Armenian dram,Armenia"
8444,"200 Dram,Armenian dram,Armenia"
8445,"200 Dram,Armenian dram,Armenia"
8446,"200 Dram,Armenian dram,Armenia"
8447,"200 Dram,Armenian dram,Armenia"
8448,"200 Dram,Armenian dram,Armenia"
8449,"200 Dram,Armenian dram,Armenia"
8450,"200 Dram,Armenian dram,Armenia"
8451,"200 Dram,Armenian dram,Armenia"
8452,"200 Dram,Armenian dram,Armenia"
8543,"20 Dram,Armenian dram,Armenia"
8544,"20 Dram,Armenian dram,Armenia"
8545,"20 Dram,Armenian dram,Armenia"
8546,"50 Dram,Armenian dram,Armenia"
8547,"20 Dram,Armenian dram,Armenia"
8548,"20 Dram,Armenian dram,Armenia"
8549,"20 Dram,Armenian dram,Armenia"
8550,"20 Dram,Armenian dram,Armenia"
8551,"20 Dram,Armenian dram,Armenia"
8552,"20 Dram,Armenian dram,Armenia"
8643,"500 Dram,Armenian dram,Armenia"
8644,"500 Dram,Armenian dram,Armenia"
8645,"500 Dram,Armenian dram,Armenia"
8646,"500 Dram,Armenian dram,Armenia"
8647,"500 Dram,Armenian dram,Armenia"
8648,"500 Dram,Armenian dram,Armenia"
8649,"500 Dram,Armenian dram,Armenia"
8650,"500 Dram,Armenian dram,Armenia"
8651,"500 Dram,Armenian dram,Armenia"
8652,"500 Dram,Armenian dram,Armenia"
8743,"50 Dram,Armenian dram,Armenia"
8744,"50 Dram,Armenian dram,Armenia"
8745,"50 Dram,Armenian dram,Armenia"
8746,"50 Dram,Armenian dram,Armenia"
8747,"50 Dram,Armenian dram,Armenia"
8748,"50 Dram,Armenian dram,Armenia"
8749,"50 Dram,Armenian dram,Armenia"
8750,"50 Dram,Armenian dram,Armenia"
8751,"50 Dram,Armenian dram,Armenia"
8752,"50 Dram,Armenian dram,Armenia"
8775,"2 Cents,Euro,ireland"
8776,"2 Zlote,Polish Zloty,poland"
8777,"2 Cents,Euro,ireland"
8800,"5 Pesos,Chilean Peso,chile"
8801,"50 Cents,Euro,greece"
8802,"1 Euro,Euro,finland"
8825,"1 Euro,Euro,ireland"
8826,"1 Euro,Euro,cyprus"
8827,"1 Euro,Euro,ireland"
8850,"1 Euro,Euro,germany"
8851,"1 Euro,Euro,luxembourg"
8852,"1 Euro,Euro,luxembourg"
8875,"1 Euro,Euro,lithuania"
8876,"2 Euro,Euro,france"
8877,"1 Euro,Euro,lithuania"
8900,"1 Euro,Euro,greece"
8901,"1 Real,Brazilian Real,brazil"
8902,"1 Euro,Euro,greece"
8926,"20 Cents,Euro,greece"
8927,"5 Groszy,Polish Zloty,poland"
8951,"1 Euro,Euro,estonia"
8952,"1 Euro,Euro,belgium"
8953,"5 Dollars,taiwan Dollar,taiwan"
8976,"20 Cents,Euro,portugal"
8978,"5 euro Cent,Euro,spain"
9001,"20 Cents,Euro,slovakia"
9002,"20 Cents,Euro,slovakia"
9003,"20 Cents,Euro,slovakia"
9026,"1 Euro,Euro,slovenia"
9027,"1 Euro,Euro,netherlands"
9028,"1 Euro,Euro,netherlands"
9051,"20 Senti,Estonian kroon,Estonia"
9053,"1 Euro,Euro,austria"
9076,"2 Zlote,Polish Zloty,poland"
9077,"1 Yuan,Chinese Yuan Renminbi,china"
9078,"2 Cents,Euro,finland"
9101,"1 Euro,Euro,austria"
9102,"20 Cents,Euro,belgium"
9103,"2 Euro,Euro,malta"
9126,"20 Cents,Euro,lithuania"
9127,"50 Cents,Euro,spain"
9128,"50 Cents,Euro,spain"
9151,"2 Cents,Euro,italy"
9152,"20 Cents,Euro,netherlands"
9153,"20 Cents,Euro,slovakia"
9176,"1 Euro,Euro,slovenia"
9177,"1 Euro,Euro,slovenia"
9178,"1 Euro,Euro,slovenia"
9202,"5 euro Cent,Euro,spain"
9204,"20 Cents,Euro,italy"
9227,"20 Cents,Euro,italy"
9228,"50 Cents,Euro,spain"
9229,"2 Cents,Euro,ireland"
9252,"2 Cents,Euro,italy"
9253,"1 Euro,Euro,italy"
9254,"20 Cents,Euro,slovakia"
9277,"20 Cents,Euro,italy"
9278,"20 Cents,Euro,italy"
9279,"50 Cents,Euro,greece"
9302,"1 Euro,Euro,austria"
9303,"10 Pesos,Mexican peso,mexico"
9304,"1 Euro,Euro,austria"
9327,"1 Euro,Euro,france"
9328,"1 Euro,Euro,austria"
9352,"1 Euro,Euro,austria"
9353,"1 Euro,Euro,slovenia"
9354,"1 Euro,Euro,austria"
9377,"2 Zlote,Polish Zloty,poland"
9378,"1 Euro,Euro,greece"
9379,"1 Euro,Euro,greece"
9402,"50 Cents,Euro,latvia"
9403,"50 Cents,Euro,latvia"
9404,"50 Cents,Euro,latvia"
9427,"1 Euro,Euro,finland"
9428,"1 Euro,Euro,finland"
9429,"1 Euro,Euro,finland"
9452,"20 Cents,Euro,finland"
9453,"20 Cents,Euro,finland"
9454,"20 Cents,Euro,finland"
9477,"20 Cents,Euro,austria"
9478,"2 Cents,Euro,lithuania"
9479,"50 Senti,Estonian kroon,Estonia"
9502,"20 Cents,Euro,france"
9503,"2 Cents,Euro,italy"
9504,"20 Cents,Euro,france"
9527,"2 Euro,Euro,france"
9528,"10 Pesos,Mexican peso,mexico"
9529,"5 Paise, Pakistan Rupee, Pakistan"
9552,"20 Cents,Euro,luxembourg"
9553,"20 Cents,Euro,luxembourg"
9554,"20 Cents,Euro,luxembourg"
9577,"1 Euro,Euro,luxembourg"
9578,"1 Euro,Euro,luxembourg"
9579,"1 Euro,Euro,luxembourg"
9602,"1 Euro,Euro,cyprus"
9603,"1 Euro,Euro,austria"
9604,"1 Euro,Euro,netherlands"
9627,"1 Euro,Euro,luxembourg"
9628,"1 Euro,Euro,lithuania"
9629,"2 Euro,Euro,malta"
9652,"20 Cents,Euro,cyprus"
9653,"20 Cents,Euro,italy"
9654,"50 Cents,Euro,spain"
9677,"50 Cents,Euro,malta"
9678,"50 Cents,Euro,malta"
9679,"50 Cents,Euro,malta"
9703,"2 Cents,Euro,cyprus"
9704,"2 Euro,Euro,ireland"
9705,"5 Kurus,Turkish Lira,turkey"
9730,"5 Krooni,Estonian kroon,Estonia"
9731,"50 Senti,Estonian kroon,Estonia"
9732,"50 Senti,Estonian kroon,Estonia"
9746,"50 Cents,Euro,spain"
9747,"5 Dollars,taiwan Dollar,taiwan"
9769,"2 Euro,Euro,france"
9770,"2 Euro,Euro,france"
9771,"2 Euro,Euro,france"
9804,"50 Senti,Estonian kroon,Estonia"
9805,"50 Senti,Estonian kroon,Estonia"
9806,"50 Senti,Estonian kroon,Estonia"
9807,"50 Senti,Estonian kroon,Estonia"
9835,"1 Euro,Euro,luxembourg"
9836,"20 Senti,Estonian kroon,Estonia"
9837,"2 Euro,Euro,slovakia"
9861,"2 Euro,Euro,italy"
9862,"2 Euro,Euro,ireland"
9863,"20 Senti,Estonian kroon,Estonia"
9884,"2 Euro,Euro,spain"
9885,"1 Euro,Euro,belgium"
9886,"20 Cents,Euro,luxembourg"
9908,"2 Cents,Euro,latvia"
9909,"2 Cents,Euro,latvia"
9910,"2 Cents,Euro,latvia"
9938,"2 Cents,Euro,malta"
9939,"2 Zlote,Polish Zloty,poland"
9940,"2 Cents,Euro,malta"
9941,"2 Cents,Euro,malta"
9966,"20 Cents,Euro,austria"
9967,"2 Euro,Euro,germany"
9968,"50 Senti,Estonian kroon,Estonia"
9994,"2 Cents,Euro,spain"
9995,"20 Cents,Euro,slovakia"
9996,"20 Cents,Euro,slovakia"
10020,"2 Euro,Euro,slovakia"
10021,"2 Euro,Euro,ireland"
10022,"2 Euro,Euro,malta"
10042,"1 Euro,Euro,italy"
10043,"20 Cents,Euro,finland"
10044,"2 Cents,Euro,finland"
10073,"2 Cents,Euro,italy"
10074,"50 Cents,Euro,slovakia"
10075,"50 Cents,Euro,greece"
10076,"2 Cents,Euro,italy"
10099,"2 Euro,Euro,spain"
10100,"2 Euro,Euro,estonia"
10101,"2 Euro,Euro,estonia"
10123,"2 Euro,Euro,ireland"
10124,"50 Senti,Estonian kroon,Estonia"
10125,"50 Cents,Euro,malta"
10147,"50 Cents,Euro,netherlands"
10148,"2 Cents,Euro,lithuania"
10149,"2 Cents,Euro,ireland"
10171,"2 Cents,Euro,lithuania"
10172,"2 Cents,Euro,lithuania"
10173,"2 Cents,Euro,finland"
10194,"2 Cents,Euro,cyprus"
10195,"2 Cents,Euro,cyprus"
10196,"2 Cents,Euro,cyprus"
10214,"10 Kroner,Danish Krone,denmark"
10215,"50 Senti,Estonian kroon,Estonia"
10239,"20 Cents,Euro,cyprus"
10240,"50 Cents,Euro,spain"
10241,"20 Cents,Euro,cyprus"
10268,"2 Euro,Euro,ireland"
10269,"2 Euro,Euro,ireland"
10270,"2 Euro,Euro,greece"
10300,"2 Cents,Euro,luxembourg"
10301,"20 Cents,Euro,luxembourg"
10302,"2 Cents,Euro,luxembourg"
10303,"2 Cents,Euro,luxembourg"
10329,"2 Euro,Euro,spain"
10330,"2 Euro,Euro,slovakia"
10331,"20 Cents,Euro,slovakia"
10358,"2 Euro,Euro,germany"
10359,"1 Real,Brazilian Real,brazil"
10360,"50 Senti,Estonian kroon,Estonia"
10382,"2 Cents,Euro,netherlands"
10383,"2 Cents,Euro,malta"
10384,"2 Cents,Euro,netherlands"
10410,"2 Euro,Euro,netherlands"
10411,"2 Euro,Euro,slovenia"
10412,"1 Euro,Euro,austria"
10434,"50 Cents,Euro,spain"
10435,"20 Cents,Euro,austria"
10436,"50 Cents,Euro,portugal"
10459,"2 Euro,Euro,netherlands"
10460,"2 Euro,Euro,france"
10461,"50 Cents,Euro,malta"
10485,"2 Euro,Euro,portugal"
10486,"2 Euro,Euro,portugal"
10487,"2 Euro,Euro,portugal"
10512,"1 Dollar,Canadian Dollar,canada"
10513,"2 Cents,Euro,belgium"
10514,"20 Cents,Euro,belgium"
10538,"2 Cents,Euro,spain"
10539,"2 Cents,Euro,spain"
10540,"5 Groszy,Polish Zloty,poland"
10564,"2 Euro,Euro,greece"
10565,"20 Cents,Euro,finland"
10566,"2 Euro,Euro,ireland"
10592,"2 Euro,Euro,finland"
10593,"2 Euro,Euro,finland"
10594,"2 Euro,Euro,netherlands"
10625,"50 Senti,Estonian kroon,Estonia"
10626,"50 Senti,Estonian kroon,Estonia"
10627,"50 Senti,Estonian kroon,Estonia"
10656,"2 Cents,Euro,slovakia"
10657,"2 Cents,Euro,slovakia"
10658,"50 Cents,Euro,spain"
10659,"2 Cents,Euro,slovakia"
10688,"2 Cents,Euro,portugal"
10689,"2 Cents,Euro,portugal"
10690,"1 Sen,Malaysian Ringgit,malaysia"
10691,"2 Cents,Euro,portugal"
10713,"2 Cents,Euro,ireland"
10714,"2 Cents,Euro,ireland"
10715,"2 Cents,Euro,ireland"
10742,"10 Senti,Estonian kroon,Estonia"
10743,"50 Dollars,taiwan Dollar,taiwan"
10744,"50 Senti,Estonian kroon,Estonia"
10767,"2 Cents,Euro,germany"
10768,"2 Cents,Euro,germany"
10769,"1 Euro,Euro,austria"
10797,"20 Senti,Estonian kroon,Estonia"
10798,"2 Euro,Euro,netherlands"
10799,"2 Euro,Euro,portugal"
10908,"10 Paise, Pakistan Rupee, Pakistan"
10909,"50 Hellers,Czech Koruna,czech_republic"
10910,"10 Paise, Pakistan Rupee, Pakistan"
10911,"10 Paise, Pakistan Rupee, Pakistan"
10912,"10 Paise, Pakistan Rupee, Pakistan"
10913,"10 Paise, Pakistan Rupee, Pakistan"
10914,"5 Paise, Pakistan Rupee, Pakistan"
10915,"10 Paise, Pakistan Rupee, Pakistan"
10916,"5 Paise, Pakistan Rupee, Pakistan"
10917,"10 Paise, Pakistan Rupee, Pakistan"
10918,"5 Paise, Pakistan Rupee, Pakistan"
10919,"5 Paise, Pakistan Rupee, Pakistan"
11006,"10 Paise, Pakistan Rupee, Pakistan"
11007,"5 Paise, Pakistan Rupee, Pakistan"
11008,"10 Paise, Pakistan Rupee, Pakistan"
11009,"10 Ore,Swedish Krona,sweden"
11010,"10 Paise, Pakistan Rupee, Pakistan"
11011,"2 Paise, Pakistan Rupee, Pakistan"
11012,"2 Paise, Pakistan Rupee, Pakistan"
11013,"10 Paise, Pakistan Rupee, Pakistan"
11014,"10 Paise, Pakistan Rupee, Pakistan"
11015,"25 Centavos,Brazilian Real,brazil"
11124,"10 Paise, Pakistan Rupee, Pakistan"
11125,"10 Paise, Pakistan Rupee, Pakistan"
11126,"10 Paise, Pakistan Rupee, Pakistan"
11127,"10 Paise, Pakistan Rupee, Pakistan"
11128,"10 Paise, Pakistan Rupee, Pakistan"
11129,"10 Paise, Pakistan Rupee, Pakistan"
11130,"10 Paise, Pakistan Rupee, Pakistan"
11131,"10 Paise, Pakistan Rupee, Pakistan"
11132,"10 Paise, Pakistan Rupee, Pakistan"
11133,"10 Paise, Pakistan Rupee, Pakistan"
11134,"10 Paise, Pakistan Rupee, Pakistan"
11135,"10 Paise, Pakistan Rupee, Pakistan"
11174,"50 Hellers,Czech Koruna,czech_republic"
11175,"50 Hellers,Czech Koruna,czech_republic"
11176,"1 Paisa, Pakistan Rupee, Pakistan"
11177,"20 Cents,Euro,luxembourg"
11178,"10 Paise, Pakistan Rupee, Pakistan"
11243,"1 Paisa, Pakistan Rupee, Pakistan"
11244,"1 Real,Brazilian Real,brazil"
11245,"10 Ore,Swedish Krona,sweden"
11246,"10 Paise, Pakistan Rupee, Pakistan"
11247,"1 Paisa, Pakistan Rupee, Pakistan"
11248,"10 Paise, Pakistan Rupee, Pakistan"
11249,"50 Paise, Pakistan Rupee, Pakistan"
11250,"50 Paise, Pakistan Rupee, Pakistan"
11274,"20 Cents,Euro,finland"
11275,"20 Cents,Euro,finland"
11276,"2 Cents,Euro,finland"
11304,"5 Cents,Canadian Dollar,canada"
11305,"2 Cents,Euro,ireland"
11306,"50 Cents,Euro,luxembourg"
11307,"1 2 Dollar,taiwan Dollar,taiwan"
11330,"50 Cents,Euro,italy"
11331,"50 Cents,Euro,portugal"
11332,"2 Euro,Euro,spain"
11360,"50 Cents,Euro,greece"
11361,"50 Cents,Euro,portugal"
11362,"50 Cents,Euro,greece"
11381,"2 Euro,Euro,ireland"
11382,"2 Cents,Euro,ireland"
11383,"2 Cents,Euro,ireland"
11411,"20 Cents,Euro,greece"
11412,"50 Cents,Euro,latvia"
11413,"50 euro Cent,Euro,spain"
11431,"1 Euro,Euro,lithuania"
11432,"50 Cents,Euro,latvia"
11457,"1 Rupee,Pakistan Rupee,pakistan"
11458,"50 Cents,South African Rand,south_africa"
11459,"2 Euro,Euro,portugal"
11486,"20 Cents,Euro,luxembourg"
11487,"20 Cents,Euro,luxembourg"
11488,"20 Cents,Euro,luxembourg"
11516,"5 Dollars,taiwan Dollar,taiwan"
11517,"50 Cents,Euro,malta"
11518,"50 Cents,Euro,malta"
11519,"50 Cents,Euro,malta"
11550,"2 Cents,Euro,netherlands"
11551,"2 Cents,Euro,netherlands"
11552,"50 Dram,Armenian dram,Armenia"
11553,"2 Cents,Euro,netherlands"
11586,"20 Cents,Euro,portugal"
11587,"50 Cents,Euro,luxembourg"
11588,"20 Cents,Euro,portugal"
11589,"5 Groszy,Polish Zloty,poland"
11617,"50 Cents,Euro,malta"
11618,"20 Cents,Euro,slovakia"
11619,"20 Cents,Euro,slovakia"
11653,"20 euro Cent,Euro,spain"
11654,"2 Cents,Euro,ireland"
11655,"20 euro Cent,Euro,spain"
11656,"50 Cents,Euro,spain"
